name,label
button/0000.jpg,button
button/0001.jpg,button
button/0002.jpg,button
button/0003.jpg,button
button/0004.jpg,button
button/0005.jpg,button
button/0006.jpg,button
button/0007.jpg,button
button/0008.jpg,button
button/0009.jpg,button
button/0010.jpg,button
button/0011.jpg,button
button/0012.jpg,button
button/0013.jpg,button
button/0014.jpg,button
button/0015.jpg,button
button/0016.jpg,button
button/0017.jpg,button
button/0018.jpg,button
button/0019.jpg,button
button/0020.jpg,button
button/0021.jpg,button
button/0022.jpg,button
button/0023.jpg,button
button/0024.jpg,button
button/0025.jpg,button
button/0026.jpg,button
button/0027.jpg,button
button/0028.jpg,button
button/0029.jpg,button
button/0030.jpg,button
button/0031.jpg,button
button/0032.jpg,button
button/0033.jpg,button
button/0034.jpg,button
button/0035.jpg,button
button/0036.jpg,button
button/0037.jpg,button
button/0038.jpg,button
button/0039.jpg,button
button/0040.jpg,button
button/0041.jpg,button
button/0042.jpg,button
button/0043.jpg,button
button/0044.jpg,button
button/0045.jpg,button
button/0046.jpg,button
button/0047.jpg,button
button/0048.jpg,button
button/0049.jpg,button
button/0050.jpg,button
button/0051.jpg,button
button/0052.jpg,button
button/0053.jpg,button
button/0054.jpg,button
button/0055.jpg,button
button/0056.jpg,button
button/0057.jpg,button
button/0058.jpg,button
button/0059.jpg,button
button/0060.jpg,button
button/0061.jpg,button
button/0062.jpg,button
button/0063.jpg,button
button/0064.jpg,button
button/0065.jpg,button
button/0066.jpg,button
button/0067.jpg,button
button/0068.jpg,button
button/0069.jpg,button
button/0070.jpg,button
button/0071.jpg,button
button/0072.jpg,button
button/0073.jpg,button
button/0074.jpg,button
button/0075.jpg,button
button/0076.jpg,button
button/0077.jpg,button
button/0078.jpg,button
button/0079.jpg,button
button/0080.jpg,button
button/0081.jpg,button
button/0082.jpg,button
button/0083.jpg,button
button/0084.jpg,button
button/0085.jpg,button
button/0086.jpg,button
button/0087.jpg,button
button/0088.jpg,button
button/0089.jpg,button
button/0090.jpg,button
button/0091.jpg,button
button/0092.jpg,button
button/0093.jpg,button
button/0094.jpg,button
button/0095.jpg,button
button/0096.jpg,button
button/0097.jpg,button
button/0098.jpg,button
button/0099.jpg,button
button/0100.jpg,button
button/0101.jpg,button
button/0102.jpg,button
button/0103.jpg,button
button/0104.jpg,button
button/0105.jpg,button
button/0106.jpg,button
button/0107.jpg,button
button/0108.jpg,button
button/0109.jpg,button
button/0110.jpg,button
button/0111.jpg,button
button/0112.jpg,button
button/0113.jpg,button
button/0114.jpg,button
button/0115.jpg,button
button/0116.jpg,button
button/0117.jpg,button
button/0118.jpg,button
button/0119.jpg,button
button/0120.jpg,button
button/0121.jpg,button
button/0122.jpg,button
button/0123.jpg,button
button/0124.jpg,button
button/0125.jpg,button
button/0126.jpg,button
button/0127.jpg,button
button/0128.jpg,button
button/0129.jpg,button
button/0130.jpg,button
button/0131.jpg,button
button/0132.jpg,button
button/0133.jpg,button
button/0134.jpg,button
button/0135.jpg,button
button/0136.jpg,button
button/0137.jpg,button
button/0138.jpg,button
button/0139.jpg,button
button/0140.jpg,button
button/0141.jpg,button
button/0142.jpg,button
button/0143.jpg,button
button/0144.jpg,button
button/0145.jpg,button
button/0146.jpg,button
button/0147.jpg,button
button/0148.jpg,button
button/0149.jpg,button
button/0150.jpg,button
button/0151.jpg,button
button/0152.jpg,button
button/0153.jpg,button
button/0154.jpg,button
button/0155.jpg,button
button/0156.jpg,button
button/0157.jpg,button
button/0158.jpg,button
button/0159.jpg,button
button/0160.jpg,button
button/0161.jpg,button
button/0162.jpg,button
button/0163.jpg,button
button/0164.jpg,button
button/0165.jpg,button
button/0166.jpg,button
button/0167.jpg,button
button/0168.jpg,button
button/0169.jpg,button
button/0170.jpg,button
button/0171.jpg,button
button/0172.jpg,button
button/0173.jpg,button
button/0174.jpg,button
button/0175.jpg,button
button/0176.jpg,button
button/0177.jpg,button
button/0178.jpg,button
button/0179.jpg,button
button/0180.jpg,button
button/0181.jpg,button
button/0182.jpg,button
button/0183.jpg,button
button/0184.jpg,button
button/0185.jpg,button
button/0186.jpg,button
button/0187.jpg,button
button/0188.jpg,button
button/0189.jpg,button
button/0190.jpg,button
button/0191.jpg,button
button/0192.jpg,button
button/0193.jpg,button
button/0194.jpg,button
button/0195.jpg,button
button/0196.jpg,button
button/0197.jpg,button
button/0198.jpg,button
button/0199.jpg,button
button/0200.jpg,button
button/0201.jpg,button
button/0202.jpg,button
button/0203.jpg,button
button/0204.jpg,button
button/0205.jpg,button
button/0206.jpg,button
button/0207.jpg,button
button/0208.jpg,button
button/0209.jpg,button
button/0210.jpg,button
button/0211.jpg,button
button/0212.jpg,button
button/0213.jpg,button
button/0214.jpg,button
button/0215.jpg,button
button/0216.jpg,button
button/0217.jpg,button
button/0218.jpg,button
button/0219.jpg,button
button/0220.jpg,button
button/0221.jpg,button
button/0222.jpg,button
button/0223.jpg,button
button/0224.jpg,button
button/0225.jpg,button
button/0226.jpg,button
button/0227.jpg,button
button/0228.jpg,button
button/0229.jpg,button
button/0230.jpg,button
button/0231.jpg,button
button/0232.jpg,button
button/0233.jpg,button
button/0234.jpg,button
button/0235.jpg,button
button/0236.jpg,button
button/0237.jpg,button
button/0238.jpg,button
button/0239.jpg,button
button/0240.jpg,button
button/0241.jpg,button
button/0242.jpg,button
button/0243.jpg,button
button/0244.jpg,button
button/0245.jpg,button
button/0246.jpg,button
button/0247.jpg,button
button/0248.jpg,button
button/0249.jpg,button
button/0250.jpg,button
button/0251.jpg,button
button/0252.jpg,button
button/0253.jpg,button
button/0254.jpg,button
button/0255.jpg,button
button/0256.jpg,button
button/0257.jpg,button
button/0258.jpg,button
button/0259.jpg,button
button/0260.jpg,button
button/0261.jpg,button
button/0262.jpg,button
button/0263.jpg,button
button/0264.jpg,button
button/0265.jpg,button
button/0266.jpg,button
button/0267.jpg,button
button/0268.jpg,button
button/0269.jpg,button
button/0270.jpg,button
button/0271.jpg,button
button/0272.jpg,button
button/0273.jpg,button
button/0274.jpg,button
button/0275.jpg,button
button/0276.jpg,button
button/0277.jpg,button
button/0278.jpg,button
button/0279.jpg,button
button/0280.jpg,button
button/0281.jpg,button
button/0282.jpg,button
button/0283.jpg,button
button/0284.jpg,button
button/0285.jpg,button
button/0286.jpg,button
button/0287.jpg,button
button/0288.jpg,button
button/0289.jpg,button
button/0290.jpg,button
button/0291.jpg,button
button/0292.jpg,button
button/0293.jpg,button
button/0294.jpg,button
button/0295.jpg,button
button/0296.jpg,button
button/0297.jpg,button
button/0298.jpg,button
button/0299.jpg,button
button/0300.jpg,button
button/0301.jpg,button
button/0302.jpg,button
button/0303.jpg,button
button/0304.jpg,button
button/0305.jpg,button
button/0306.jpg,button
button/0307.jpg,button
button/0308.jpg,button
button/0309.jpg,button
button/0310.jpg,button
button/0311.jpg,button
button/0312.jpg,button
button/0313.jpg,button
button/0314.jpg,button
button/0315.jpg,button
button/0316.jpg,button
button/0317.jpg,button
button/0318.jpg,button
button/0319.jpg,button
button/0320.jpg,button
button/0321.jpg,button
button/0322.jpg,button
button/0323.jpg,button
button/0324.jpg,button
button/0325.jpg,button
button/0326.jpg,button
button/0327.jpg,button
button/0328.jpg,button
button/0329.jpg,button
button/0330.jpg,button
button/0331.jpg,button
button/0332.jpg,button
button/0333.jpg,button
button/0334.jpg,button
button/0335.jpg,button
button/0336.jpg,button
button/0337.jpg,button
button/0338.jpg,button
button/0339.jpg,button
button/0340.jpg,button
button/0341.jpg,button
button/0342.jpg,button
button/0343.jpg,button
button/0344.jpg,button
button/0345.jpg,button
button/0346.jpg,button
button/0347.jpg,button
button/0348.jpg,button
button/0349.jpg,button
button/0350.jpg,button
button/0351.jpg,button
button/0352.jpg,button
button/0353.jpg,button
button/0354.jpg,button
button/0355.jpg,button
button/0356.jpg,button
button/0357.jpg,button
button/0358.jpg,button
button/0359.jpg,button
button/0360.jpg,button
button/0361.jpg,button
button/0362.jpg,button
button/0363.jpg,button
button/0364.jpg,button
button/0365.jpg,button
button/0366.jpg,button
button/0367.jpg,button
button/0368.jpg,button
button/0369.jpg,button
button/0370.jpg,button
button/0371.jpg,button
button/0372.jpg,button
button/0373.jpg,button
button/0374.jpg,button
button/0375.jpg,button
button/0376.jpg,button
button/0377.jpg,button
button/0378.jpg,button
button/0379.jpg,button
button/0380.jpg,button
button/0381.jpg,button
button/0382.jpg,button
button/0383.jpg,button
button/0384.jpg,button
button/0385.jpg,button
button/0386.jpg,button
button/0387.jpg,button
button/0388.jpg,button
button/0389.jpg,button
button/0390.jpg,button
button/0391.jpg,button
button/0392.jpg,button
button/0393.jpg,button
button/0394.jpg,button
button/0395.jpg,button
button/0396.jpg,button
button/0397.jpg,button
button/0398.jpg,button
button/0399.jpg,button
button/0400.jpg,button
button/0401.jpg,button
button/0402.jpg,button
button/0403.jpg,button
button/0404.jpg,button
button/0405.jpg,button
button/0406.jpg,button
button/0407.jpg,button
button/0408.jpg,button
button/0409.jpg,button
button/0410.jpg,button
button/0411.jpg,button
button/0412.jpg,button
button/0413.jpg,button
button/0414.jpg,button
button/0415.jpg,button
button/0416.jpg,button
button/0417.jpg,button
button/0418.jpg,button
button/0419.jpg,button
button/0420.jpg,button
button/0421.jpg,button
button/0422.jpg,button
button/0423.jpg,button
button/0424.jpg,button
button/0425.jpg,button
button/0426.jpg,button
button/0427.jpg,button
button/0428.jpg,button
button/0429.jpg,button
button/0430.jpg,button
button/0431.jpg,button
button/0432.jpg,button
button/0433.jpg,button
button/0434.jpg,button
button/0435.jpg,button
button/0436.jpg,button
button/0437.jpg,button
button/0438.jpg,button
button/0439.jpg,button
button/0440.jpg,button
button/0441.jpg,button
button/0442.jpg,button
button/0443.jpg,button
button/0444.jpg,button
button/0445.jpg,button
button/0446.jpg,button
button/0447.jpg,button
button/0448.jpg,button
button/0449.jpg,button
button/0450.jpg,button
button/0451.jpg,button
button/0452.jpg,button
button/0453.jpg,button
button/0454.jpg,button
button/0455.jpg,button
button/0456.jpg,button
button/0457.jpg,button
button/0458.jpg,button
button/0459.jpg,button
button/0460.jpg,button
button/0461.jpg,button
button/0462.jpg,button
button/0463.jpg,button
button/0464.jpg,button
button/0465.jpg,button
button/0466.jpg,button
button/0467.jpg,button
button/0468.jpg,button
button/0469.jpg,button
button/0470.jpg,button
button/0471.jpg,button
button/0472.jpg,button
button/0473.jpg,button
button/0474.jpg,button
button/0475.jpg,button
button/0476.jpg,button
button/0477.jpg,button
button/0478.jpg,button
button/0479.jpg,button
button/0480.jpg,button
button/0481.jpg,button
button/0482.jpg,button
button/0483.jpg,button
button/0484.jpg,button
button/0485.jpg,button
button/0486.jpg,button
button/0487.jpg,button
button/0488.jpg,button
button/0489.jpg,button
button/0490.jpg,button
button/0491.jpg,button
button/0492.jpg,button
button/0493.jpg,button
button/0494.jpg,button
button/0495.jpg,button
button/0496.jpg,button
button/0497.jpg,button
button/0498.jpg,button
button/0499.jpg,button
button/0500.jpg,button
button/0501.jpg,button
button/0502.jpg,button
button/0503.jpg,button
button/0504.jpg,button
button/0505.jpg,button
button/0506.jpg,button
button/0507.jpg,button
button/0508.jpg,button
button/0509.jpg,button
button/0510.jpg,button
button/0511.jpg,button
button/0512.jpg,button
button/0513.jpg,button
button/0514.jpg,button
button/0515.jpg,button
button/0516.jpg,button
button/0517.jpg,button
button/0518.jpg,button
button/0519.jpg,button
button/0520.jpg,button
button/0521.jpg,button
button/0522.jpg,button
button/0523.jpg,button
button/0524.jpg,button
button/0525.jpg,button
button/0526.jpg,button
button/0527.jpg,button
button/0528.jpg,button
button/0529.jpg,button
button/0530.jpg,button
button/0531.jpg,button
button/0532.jpg,button
button/0533.jpg,button
button/0534.jpg,button
button/0535.jpg,button
button/0536.jpg,button
button/0537.jpg,button
button/0538.jpg,button
button/0539.jpg,button
button/0540.jpg,button
button/0541.jpg,button
button/0542.jpg,button
button/0543.jpg,button
button/0544.jpg,button
button/0545.jpg,button
button/0546.jpg,button
button/0547.jpg,button
button/0548.jpg,button
button/0549.jpg,button
button/0550.jpg,button
button/0551.jpg,button
button/0552.jpg,button
button/0553.jpg,button
button/0554.jpg,button
button/0555.jpg,button
button/0556.jpg,button
button/0557.jpg,button
button/0558.jpg,button
button/0559.jpg,button
button/0560.jpg,button
button/0561.jpg,button
button/0562.jpg,button
button/0563.jpg,button
button/0564.jpg,button
button/0565.jpg,button
button/0566.jpg,button
button/0567.jpg,button
button/0568.jpg,button
button/0569.jpg,button
button/0570.jpg,button
button/0571.jpg,button
button/0572.jpg,button
button/0573.jpg,button
button/0574.jpg,button
button/0575.jpg,button
button/0576.jpg,button
button/0577.jpg,button
button/0578.jpg,button
button/0579.jpg,button
button/0580.jpg,button
button/0581.jpg,button
button/0582.jpg,button
button/0583.jpg,button
button/0584.jpg,button
button/0585.jpg,button
button/0586.jpg,button
button/0587.jpg,button
button/0588.jpg,button
button/0589.jpg,button
button/0590.jpg,button
button/0591.jpg,button
button/0592.jpg,button
button/0593.jpg,button
button/0594.jpg,button
button/0595.jpg,button
button/0596.jpg,button
button/0597.jpg,button
button/0598.jpg,button
button/0599.jpg,button
button/0600.jpg,button
button/0601.jpg,button
button/0602.jpg,button
button/0603.jpg,button
button/0604.jpg,button
button/0605.jpg,button
button/0606.jpg,button
button/0607.jpg,button
button/0608.jpg,button
button/0609.jpg,button
button/0610.jpg,button
button/0611.jpg,button
button/0612.jpg,button
button/0613.jpg,button
button/0614.jpg,button
button/0615.jpg,button
button/0616.jpg,button
button/0617.jpg,button
button/0618.jpg,button
button/0619.jpg,button
button/0620.jpg,button
button/0621.jpg,button
button/0622.jpg,button
button/0623.jpg,button
button/0624.jpg,button
button/0625.jpg,button
button/0626.jpg,button
button/0627.jpg,button
button/0628.jpg,button
button/0629.jpg,button
button/0630.jpg,button
button/0631.jpg,button
button/0632.jpg,button
button/0633.jpg,button
button/0634.jpg,button
button/0635.jpg,button
button/0636.jpg,button
button/0637.jpg,button
button/0638.jpg,button
button/0639.jpg,button
button/0640.jpg,button
button/0641.jpg,button
button/0642.jpg,button
button/0643.jpg,button
button/0644.jpg,button
button/0645.jpg,button
button/0646.jpg,button
button/0647.jpg,button
button/0648.jpg,button
button/0649.jpg,button
button/0650.jpg,button
button/0651.jpg,button
button/0652.jpg,button
button/0653.jpg,button
button/0654.jpg,button
button/0655.jpg,button
button/0656.jpg,button
button/0657.jpg,button
button/0658.jpg,button
button/0659.jpg,button
button/0660.jpg,button
button/0661.jpg,button
button/0662.jpg,button
button/0663.jpg,button
button/0664.jpg,button
button/0665.jpg,button
button/0666.jpg,button
button/0667.jpg,button
button/0668.jpg,button
button/0669.jpg,button
button/0670.jpg,button
button/0671.jpg,button
button/0672.jpg,button
button/0673.jpg,button
button/0674.jpg,button
button/0675.jpg,button
button/0676.jpg,button
button/0677.jpg,button
button/0678.jpg,button
button/0679.jpg,button
button/0680.jpg,button
button/0681.jpg,button
button/0682.jpg,button
button/0683.jpg,button
button/0684.jpg,button
button/0685.jpg,button
button/0686.jpg,button
button/0687.jpg,button
button/0688.jpg,button
button/0689.jpg,button
button/0690.jpg,button
button/0691.jpg,button
button/0692.jpg,button
button/0693.jpg,button
button/0694.jpg,button
button/0695.jpg,button
button/0696.jpg,button
button/0697.jpg,button
button/0698.jpg,button
button/0699.jpg,button
button/0700.jpg,button
button/0701.jpg,button
button/0702.jpg,button
button/0703.jpg,button
button/0704.jpg,button
button/0705.jpg,button
button/0706.jpg,button
button/0707.jpg,button
button/0708.jpg,button
button/0709.jpg,button
button/0710.jpg,button
button/0711.jpg,button
button/0712.jpg,button
button/0713.jpg,button
button/0714.jpg,button
button/0715.jpg,button
button/0716.jpg,button
button/0717.jpg,button
button/0718.jpg,button
button/0719.jpg,button
button/0720.jpg,button
button/0721.jpg,button
button/0722.jpg,button
button/0723.jpg,button
button/0724.jpg,button
button/0725.jpg,button
button/0726.jpg,button
button/0727.jpg,button
button/0728.jpg,button
button/0729.jpg,button
button/0730.jpg,button
button/0731.jpg,button
button/0732.jpg,button
button/0733.jpg,button
button/0734.jpg,button
button/0735.jpg,button
button/0736.jpg,button
button/0737.jpg,button
button/0738.jpg,button
button/0739.jpg,button
button/0740.jpg,button
button/0741.jpg,button
button/0742.jpg,button
button/0743.jpg,button
button/0744.jpg,button
button/0745.jpg,button
button/0746.jpg,button
button/0747.jpg,button
button/0748.jpg,button
button/0749.jpg,button
button/0750.jpg,button
button/0751.jpg,button
button/0752.jpg,button
button/0753.jpg,button
button/0754.jpg,button
button/0755.jpg,button
button/0756.jpg,button
button/0757.jpg,button
button/0758.jpg,button
button/0759.jpg,button
button/0760.jpg,button
button/0761.jpg,button
button/0762.jpg,button
button/0763.jpg,button
button/0764.jpg,button
button/0765.jpg,button
button/0766.jpg,button
button/0767.jpg,button
button/0768.jpg,button
button/0769.jpg,button
button/0770.jpg,button
button/0771.jpg,button
button/0772.jpg,button
button/0773.jpg,button
button/0774.jpg,button
button/0775.jpg,button
button/0776.jpg,button
button/0777.jpg,button
button/0778.jpg,button
button/0779.jpg,button
button/0780.jpg,button
button/0781.jpg,button
button/0782.jpg,button
button/0783.jpg,button
button/0784.jpg,button
button/0785.jpg,button
button/0786.jpg,button
button/0787.jpg,button
button/0788.jpg,button
button/0789.jpg,button
button/0790.jpg,button
button/0791.jpg,button
button/0792.jpg,button
button/0793.jpg,button
button/0794.jpg,button
button/0795.jpg,button
button/0796.jpg,button
button/0797.jpg,button
button/0798.jpg,button
button/0799.jpg,button
button/0800.jpg,button
button/0801.jpg,button
button/0802.jpg,button
button/0803.jpg,button
button/0804.jpg,button
button/0805.jpg,button
button/0806.jpg,button
button/0807.jpg,button
button/0808.jpg,button
button/0809.jpg,button
button/0810.jpg,button
button/0811.jpg,button
button/0812.jpg,button
button/0813.jpg,button
button/0814.jpg,button
button/0815.jpg,button
button/0816.jpg,button
button/0817.jpg,button
button/0818.jpg,button
button/0819.jpg,button
button/0820.jpg,button
button/0821.jpg,button
button/0822.jpg,button
button/0823.jpg,button
button/0824.jpg,button
button/0825.jpg,button
button/0826.jpg,button
button/0827.jpg,button
button/0828.jpg,button
button/0829.jpg,button
button/0830.jpg,button
button/0831.jpg,button
button/0832.jpg,button
button/0833.jpg,button
button/0834.jpg,button
button/0835.jpg,button
button/0836.jpg,button
button/0837.jpg,button
button/0838.jpg,button
button/0839.jpg,button
button/0840.jpg,button
button/0841.jpg,button
button/0842.jpg,button
button/0843.jpg,button
button/0844.jpg,button
button/0845.jpg,button
button/0846.jpg,button
button/0847.jpg,button
button/0848.jpg,button
button/0849.jpg,button
button/0850.jpg,button
button/0851.jpg,button
button/0852.jpg,button
button/0853.jpg,button
button/0854.jpg,button
button/0855.jpg,button
button/0856.jpg,button
button/0857.jpg,button
button/0858.jpg,button
button/0859.jpg,button
button/0860.jpg,button
button/0861.jpg,button
button/0862.jpg,button
button/0863.jpg,button
button/0864.jpg,button
button/0865.jpg,button
button/0866.jpg,button
button/0867.jpg,button
button/0868.jpg,button
button/0869.jpg,button
button/0870.jpg,button
button/0871.jpg,button
button/0872.jpg,button
button/0873.jpg,button
button/0874.jpg,button
button/0875.jpg,button
button/0876.jpg,button
button/0877.jpg,button
button/0878.jpg,button
button/0879.jpg,button
button/0880.jpg,button
button/1019.jpg,button
button/1020.jpg,button
button/1021.jpg,button
button/1022.jpg,button
button/1023.jpg,button
button/1024.jpg,button
button/1025.jpg,button
button/1026.jpg,button
button/1027.jpg,button
button/1028.jpg,button
button/1029.jpg,button
button/1030.jpg,button
button/1031.jpg,button
button/1032.jpg,button
button/1033.jpg,button
button/1034.jpg,button
button/1035.jpg,button
button/1036.jpg,button
button/1037.jpg,button
button/1038.jpg,button
button/1039.jpg,button
button/1040.jpg,button
button/1041.jpg,button
button/1042.jpg,button
button/1043.jpg,button
button/1044.jpg,button
button/1045.jpg,button
button/1046.jpg,button
button/1047.jpg,button
button/1048.jpg,button
button/1049.jpg,button
button/1050.jpg,button
button/1051.jpg,button
button/1052.jpg,button
button/1053.jpg,button
button/1054.jpg,button
button/1055.jpg,button
button/1056.jpg,button
button/1057.jpg,button
button/1058.jpg,button
button/1059.jpg,button
button/1060.jpg,button
button/1061.jpg,button
button/1062.jpg,button
button/1063.jpg,button
button/1064.jpg,button
button/1065.jpg,button
button/1066.jpg,button
button/1067.jpg,button
button/1068.jpg,button
button/1069.jpg,button
button/1070.jpg,button
button/1071.jpg,button
button/1072.jpg,button
button/1073.jpg,button
button/1074.jpg,button
button/1075.jpg,button
button/1076.jpg,button
button/1077.jpg,button
button/1078.jpg,button
button/1079.jpg,button
button/1080.jpg,button
button/1081.jpg,button
button/1082.jpg,button
button/1083.jpg,button
button/1084.jpg,button
button/1085.jpg,button
button/1086.jpg,button
button/1087.jpg,button
button/1088.jpg,button
button/1089.jpg,button
button/1090.jpg,button
button/1091.jpg,button
button/1092.jpg,button
button/1093.jpg,button
button/1094.jpg,button
button/1095.jpg,button
button/1096.jpg,button
button/1097.jpg,button
button/1098.jpg,button
button/1099.jpg,button
button/1100.jpg,button
button/1101.jpg,button
button/1102.jpg,button
button/1103.jpg,button
button/1104.jpg,button
button/1105.jpg,button
button/1106.jpg,button
button/1107.jpg,button
button/1108.jpg,button
button/1109.jpg,button
button/1110.jpg,button
button/1111.jpg,button
button/1112.jpg,button
button/1113.jpg,button
button/1114.jpg,button
button/1115.jpg,button
button/1116.jpg,button
button/1117.jpg,button
button/1118.jpg,button
button/1119.jpg,button
button/1120.jpg,button
button/1121.jpg,button
button/1122.jpg,button
button/1123.jpg,button
button/1124.jpg,button
button/1125.jpg,button
button/1126.jpg,button
button/1127.jpg,button
button/1128.jpg,button
button/1129.jpg,button
button/1130.jpg,button
button/1131.jpg,button
button/1132.jpg,button
button/1133.jpg,button
button/1134.jpg,button
button/1135.jpg,button
button/1136.jpg,button
button/1137.jpg,button
button/1138.jpg,button
button/1139.jpg,button
button/1140.jpg,button
button/1141.jpg,button
button/1142.jpg,button
button/1143.jpg,button
button/1144.jpg,button
button/1145.jpg,button
button/1146.jpg,button
button/1147.jpg,button
button/1148.jpg,button
button/1149.jpg,button
button/1150.jpg,button
button/1151.jpg,button
button/1152.jpg,button
button/1153.jpg,button
button/1154.jpg,button
button/1155.jpg,button
button/1156.jpg,button
image/0000.jpg,image
image/0001.jpg,image
image/0002.jpg,image
image/0003.jpg,image
image/0004.jpg,image
image/0005.jpg,image
image/0006.jpg,image
image/0007.jpg,image
image/0008.jpg,image
image/0009.jpg,image
image/0010.jpg,image
image/0011.jpg,image
image/0012.jpg,image
image/0013.jpg,image
image/0014.jpg,image
image/0015.jpg,image
image/0016.jpg,image
image/0017.jpg,image
image/0018.jpg,image
image/0019.jpg,image
image/0020.jpg,image
image/0021.jpg,image
image/0022.jpg,image
image/0023.jpg,image
image/0024.jpg,image
image/0025.jpg,image
image/0026.jpg,image
image/0027.jpg,image
image/0028.jpg,image
image/0029.jpg,image
image/0030.jpg,image
image/0031.jpg,image
image/0032.jpg,image
image/0033.jpg,image
image/0034.jpg,image
image/0035.jpg,image
image/0036.jpg,image
image/0037.jpg,image
image/0038.jpg,image
image/0039.jpg,image
image/0040.jpg,image
image/0041.jpg,image
image/0042.jpg,image
image/0043.jpg,image
image/0044.jpg,image
image/0045.jpg,image
image/0046.jpg,image
image/0047.jpg,image
image/0048.jpg,image
image/0049.jpg,image
image/0050.jpg,image
image/0051.jpg,image
image/0052.jpg,image
image/0053.jpg,image
image/0054.jpg,image
image/0055.jpg,image
image/0056.jpg,image
image/0057.jpg,image
image/0058.jpg,image
image/0059.jpg,image
image/0060.jpg,image
image/0061.jpg,image
image/0062.jpg,image
image/0063.jpg,image
image/0064.jpg,image
image/0065.jpg,image
image/0066.jpg,image
image/0067.jpg,image
image/0068.jpg,image
image/0069.jpg,image
image/0070.jpg,image
image/0071.jpg,image
image/0072.jpg,image
image/0073.jpg,image
image/0074.jpg,image
image/0075.jpg,image
image/0076.jpg,image
image/0077.jpg,image
image/0078.jpg,image
image/0079.jpg,image
image/0080.jpg,image
image/0081.jpg,image
image/0082.jpg,image
image/0083.jpg,image
image/0084.jpg,image
image/0085.jpg,image
image/0086.jpg,image
image/0087.jpg,image
image/0088.jpg,image
image/0089.jpg,image
image/0090.jpg,image
image/0091.jpg,image
image/0092.jpg,image
image/0093.jpg,image
image/0094.jpg,image
image/0095.jpg,image
image/0096.jpg,image
image/0097.jpg,image
image/0098.jpg,image
image/0099.jpg,image
image/0100.jpg,image
image/0101.jpg,image
image/0102.jpg,image
image/0103.jpg,image
image/0104.jpg,image
image/0105.jpg,image
image/0106.jpg,image
image/0107.jpg,image
image/0108.jpg,image
image/0109.jpg,image
image/0110.jpg,image
image/0111.jpg,image
image/0112.jpg,image
image/0113.jpg,image
image/0114.jpg,image
image/0115.jpg,image
image/0116.jpg,image
image/0117.jpg,image
image/0118.jpg,image
image/0119.jpg,image
image/0120.jpg,image
image/0121.jpg,image
image/0122.jpg,image
image/0123.jpg,image
image/0124.jpg,image
image/0125.jpg,image
image/0126.jpg,image
image/0127.jpg,image
image/0128.jpg,image
image/0129.jpg,image
image/0130.jpg,image
image/0131.jpg,image
image/0132.jpg,image
image/0133.jpg,image
image/0134.jpg,image
image/0135.jpg,image
image/0136.jpg,image
image/0137.jpg,image
image/0138.jpg,image
image/0139.jpg,image
image/0140.jpg,image
image/0141.jpg,image
image/0142.jpg,image
image/0143.jpg,image
image/0144.jpg,image
image/0145.jpg,image
image/0146.jpg,image
image/0147.jpg,image
image/0148.jpg,image
image/0149.jpg,image
image/0150.jpg,image
image/0151.jpg,image
image/0152.jpg,image
image/0153.jpg,image
image/0154.jpg,image
image/0155.jpg,image
image/0156.jpg,image
image/0157.jpg,image
image/0158.jpg,image
image/0159.jpg,image
image/0160.jpg,image
image/0161.jpg,image
image/0162.jpg,image
image/0163.jpg,image
image/0164.jpg,image
image/0165.jpg,image
image/0166.jpg,image
image/0167.jpg,image
image/0168.jpg,image
image/0169.jpg,image
image/0170.jpg,image
image/0171.jpg,image
image/0172.jpg,image
image/0173.jpg,image
image/0174.jpg,image
image/0175.jpg,image
image/0176.jpg,image
image/0177.jpg,image
image/0178.jpg,image
image/0179.jpg,image
image/0180.jpg,image
image/0181.jpg,image
image/0182.jpg,image
image/0183.jpg,image
image/0184.jpg,image
image/0185.jpg,image
image/0186.jpg,image
image/0187.jpg,image
image/0188.jpg,image
image/0189.jpg,image
image/0190.jpg,image
image/0191.jpg,image
image/0192.jpg,image
image/0193.jpg,image
image/0194.jpg,image
image/0195.jpg,image
image/0196.jpg,image
image/0197.jpg,image
image/0198.jpg,image
image/0199.jpg,image
image/0200.jpg,image
image/0201.jpg,image
image/0202.jpg,image
image/0203.jpg,image
image/0204.jpg,image
image/0205.jpg,image
image/0206.jpg,image
image/0207.jpg,image
image/0208.jpg,image
image/0209.jpg,image
image/0210.jpg,image
image/0211.jpg,image
image/0212.jpg,image
image/0213.jpg,image
image/0214.jpg,image
image/0215.jpg,image
image/0216.jpg,image
image/0217.jpg,image
image/0218.jpg,image
image/0219.jpg,image
image/0220.jpg,image
image/0221.jpg,image
image/0222.jpg,image
image/0223.jpg,image
image/0224.jpg,image
image/0225.jpg,image
image/0226.jpg,image
image/0227.jpg,image
image/0228.jpg,image
image/0229.jpg,image
image/0230.jpg,image
image/0231.jpg,image
image/0232.jpg,image
image/0233.jpg,image
image/0234.jpg,image
image/0235.jpg,image
image/0236.jpg,image
image/0237.jpg,image
image/0238.jpg,image
image/0239.jpg,image
image/0240.jpg,image
image/0241.jpg,image
image/0242.jpg,image
image/0243.jpg,image
image/0244.jpg,image
image/0245.jpg,image
image/0246.jpg,image
image/0247.jpg,image
image/0248.jpg,image
image/0249.jpg,image
image/0250.jpg,image
image/0251.jpg,image
image/0252.jpg,image
image/0253.jpg,image
image/0254.jpg,image
image/0255.jpg,image
image/0256.jpg,image
image/0257.jpg,image
image/0258.jpg,image
image/0259.jpg,image
image/0260.jpg,image
image/0261.jpg,image
image/0262.jpg,image
image/0263.jpg,image
image/0264.jpg,image
image/0265.jpg,image
image/0266.jpg,image
image/0267.jpg,image
image/0268.jpg,image
image/0269.jpg,image
image/0270.jpg,image
image/0271.jpg,image
image/0272.jpg,image
image/0273.jpg,image
image/0274.jpg,image
image/0275.jpg,image
image/0276.jpg,image
image/0277.jpg,image
image/0278.jpg,image
image/0279.jpg,image
image/0280.jpg,image
image/0281.jpg,image
image/0282.jpg,image
image/0283.jpg,image
image/0284.jpg,image
image/0285.jpg,image
image/0286.jpg,image
image/0287.jpg,image
image/0288.jpg,image
image/0289.jpg,image
image/0290.jpg,image
image/0291.jpg,image
image/0292.jpg,image
image/0293.jpg,image
image/0294.jpg,image
image/0295.jpg,image
image/0296.jpg,image
image/0297.jpg,image
image/0298.jpg,image
image/0299.jpg,image
image/0300.jpg,image
image/0301.jpg,image
image/0302.jpg,image
image/0303.jpg,image
image/0304.jpg,image
image/0305.jpg,image
image/0306.jpg,image
image/0307.jpg,image
image/0308.jpg,image
image/0309.jpg,image
image/0310.jpg,image
image/0311.jpg,image
image/0312.jpg,image
image/0313.jpg,image
image/0314.jpg,image
image/0315.jpg,image
image/0316.jpg,image
image/0317.jpg,image
image/0318.jpg,image
image/0319.jpg,image
image/0320.jpg,image
image/0321.jpg,image
image/0322.jpg,image
image/0323.jpg,image
image/0324.jpg,image
image/0325.jpg,image
image/0326.jpg,image
image/0327.jpg,image
image/0328.jpg,image
image/0329.jpg,image
image/0330.jpg,image
image/0331.jpg,image
image/0332.jpg,image
image/0333.jpg,image
image/0334.jpg,image
image/0335.jpg,image
image/0336.jpg,image
image/0337.jpg,image
image/0338.jpg,image
image/0339.jpg,image
image/0340.jpg,image
image/0341.jpg,image
image/0342.jpg,image
image/0343.jpg,image
image/0344.jpg,image
image/0345.jpg,image
image/0346.jpg,image
image/0347.jpg,image
image/0348.jpg,image
image/0349.jpg,image
image/0350.jpg,image
image/0351.jpg,image
image/0352.jpg,image
image/0353.jpg,image
image/0354.jpg,image
image/0355.jpg,image
image/0356.jpg,image
image/0357.jpg,image
image/0358.jpg,image
image/0359.jpg,image
image/0360.jpg,image
image/0361.jpg,image
image/0362.jpg,image
image/0363.jpg,image
image/0364.jpg,image
image/0365.jpg,image
image/0366.jpg,image
image/0367.jpg,image
image/0368.jpg,image
image/0369.jpg,image
image/0370.jpg,image
image/0371.jpg,image
image/0372.jpg,image
image/0373.jpg,image
image/0374.jpg,image
image/0375.jpg,image
image/0376.jpg,image
image/0377.jpg,image
image/0378.jpg,image
image/0379.jpg,image
image/0380.jpg,image
image/0381.jpg,image
image/0382.jpg,image
image/0383.jpg,image
image/0384.jpg,image
image/0385.jpg,image
image/0386.jpg,image
image/0387.jpg,image
image/0388.jpg,image
image/0389.jpg,image
image/0390.jpg,image
image/0391.jpg,image
image/0392.jpg,image
image/0393.jpg,image
image/0394.jpg,image
image/0395.jpg,image
image/0396.jpg,image
image/0397.jpg,image
image/0398.jpg,image
image/0399.jpg,image
image/0400.jpg,image
image/0401.jpg,image
image/0402.jpg,image
image/0403.jpg,image
image/0404.jpg,image
image/0405.jpg,image
image/0406.jpg,image
image/0407.jpg,image
image/0408.jpg,image
image/0409.jpg,image
image/0410.jpg,image
image/0411.jpg,image
image/0412.jpg,image
image/0413.jpg,image
image/0414.jpg,image
image/0415.jpg,image
image/0416.jpg,image
image/0417.jpg,image
image/0418.jpg,image
image/0419.jpg,image
image/0420.jpg,image
image/0421.jpg,image
image/0422.jpg,image
image/0423.jpg,image
image/0424.jpg,image
image/0425.jpg,image
image/0426.jpg,image
image/0427.jpg,image
image/0428.jpg,image
image/0429.jpg,image
image/0430.jpg,image
image/0431.jpg,image
image/0432.jpg,image
image/0433.jpg,image
image/0434.jpg,image
image/0435.jpg,image
image/0436.jpg,image
image/0437.jpg,image
image/0438.jpg,image
image/0439.jpg,image
image/0440.jpg,image
image/0441.jpg,image
image/0442.jpg,image
image/0443.jpg,image
image/0444.jpg,image
image/0445.jpg,image
image/0446.jpg,image
image/0447.jpg,image
image/0448.jpg,image
image/0449.jpg,image
image/0450.jpg,image
image/0451.jpg,image
image/0452.jpg,image
image/0453.jpg,image
image/0454.jpg,image
image/0455.jpg,image
image/0456.jpg,image
image/0457.jpg,image
image/0458.jpg,image
image/0459.jpg,image
image/0460.jpg,image
image/0461.jpg,image
image/0462.jpg,image
image/0463.jpg,image
image/0464.jpg,image
image/0465.jpg,image
image/0466.jpg,image
image/0467.jpg,image
image/0468.jpg,image
image/0469.jpg,image
image/0470.jpg,image
image/0471.jpg,image
image/0472.jpg,image
image/0473.jpg,image
image/0474.jpg,image
image/0475.jpg,image
image/0476.jpg,image
image/0477.jpg,image
image/0478.jpg,image
image/0479.jpg,image
image/0480.jpg,image
image/0481.jpg,image
image/0482.jpg,image
image/0483.jpg,image
image/0484.jpg,image
image/0485.jpg,image
image/0486.jpg,image
image/0487.jpg,image
image/0488.jpg,image
image/0489.jpg,image
image/0490.jpg,image
image/0491.jpg,image
image/0492.jpg,image
image/0493.jpg,image
image/0494.jpg,image
image/0495.jpg,image
image/0496.jpg,image
image/0497.jpg,image
image/0498.jpg,image
image/0499.jpg,image
image/0500.jpg,image
image/0501.jpg,image
image/0502.jpg,image
image/0503.jpg,image
image/0504.jpg,image
image/0505.jpg,image
image/0506.jpg,image
image/0507.jpg,image
image/0508.jpg,image
image/0509.jpg,image
image/0510.jpg,image
image/0511.jpg,image
image/0512.jpg,image
image/0513.jpg,image
image/0514.jpg,image
image/0515.jpg,image
image/0516.jpg,image
image/0517.jpg,image
image/0518.jpg,image
image/0519.jpg,image
image/0520.jpg,image
image/0521.jpg,image
image/0522.jpg,image
image/0523.jpg,image
image/0524.jpg,image
image/0525.jpg,image
image/0526.jpg,image
image/0527.jpg,image
image/0528.jpg,image
image/0529.jpg,image
image/0530.jpg,image
image/0531.jpg,image
image/0532.jpg,image
image/0533.jpg,image
image/0534.jpg,image
image/0535.jpg,image
image/0536.jpg,image
image/0537.jpg,image
image/0538.jpg,image
image/0539.jpg,image
image/0540.jpg,image
image/0541.jpg,image
image/0542.jpg,image
image/0543.jpg,image
image/0544.jpg,image
image/0545.jpg,image
image/0546.jpg,image
image/0547.jpg,image
image/0548.jpg,image
image/0549.jpg,image
image/0550.jpg,image
image/0551.jpg,image
image/0552.jpg,image
image/0553.jpg,image
image/0554.jpg,image
image/0555.jpg,image
image/0556.jpg,image
image/0557.jpg,image
image/0558.jpg,image
image/0559.jpg,image
image/0560.jpg,image
image/0561.jpg,image
image/0562.jpg,image
image/0563.jpg,image
image/0564.jpg,image
image/0565.jpg,image
image/0566.jpg,image
image/0567.jpg,image
image/0568.jpg,image
image/0569.jpg,image
image/0570.jpg,image
image/0571.jpg,image
image/0572.jpg,image
image/0573.jpg,image
image/0574.jpg,image
image/0575.jpg,image
image/0576.jpg,image
image/0577.jpg,image
image/0578.jpg,image
image/0579.jpg,image
image/0580.jpg,image
image/0581.jpg,image
image/0582.jpg,image
image/0583.jpg,image
image/0584.jpg,image
image/0585.jpg,image
image/0586.jpg,image
image/0587.jpg,image
image/0588.jpg,image
image/0589.jpg,image
image/0590.jpg,image
image/0591.jpg,image
image/0592.jpg,image
image/0593.jpg,image
image/0594.jpg,image
image/0595.jpg,image
image/0596.jpg,image
image/0597.jpg,image
image/0598.jpg,image
image/0599.jpg,image
image/0600.jpg,image
image/0601.jpg,image
image/0602.jpg,image
image/0603.jpg,image
image/0604.jpg,image
image/0605.jpg,image
image/0606.jpg,image
image/0607.jpg,image
image/0608.jpg,image
image/0609.jpg,image
image/0610.jpg,image
image/0611.jpg,image
image/0612.jpg,image
image/0613.jpg,image
image/0614.jpg,image
image/0615.jpg,image
image/0616.jpg,image
image/0617.jpg,image
image/0618.jpg,image
image/0619.jpg,image
image/0620.jpg,image
image/0621.jpg,image
image/0622.jpg,image
image/0623.jpg,image
image/0624.jpg,image
image/0625.jpg,image
image/0626.jpg,image
image/0627.jpg,image
image/0628.jpg,image
image/0629.jpg,image
image/0630.jpg,image
image/0631.jpg,image
image/0632.jpg,image
image/0633.jpg,image
image/0634.jpg,image
image/0635.jpg,image
image/0636.jpg,image
image/0637.jpg,image
image/0638.jpg,image
image/0639.jpg,image
image/0640.jpg,image
image/0641.jpg,image
image/0642.jpg,image
image/0643.jpg,image
image/0644.jpg,image
image/0645.jpg,image
image/0646.jpg,image
image/0647.jpg,image
image/0648.jpg,image
image/0649.jpg,image
image/0650.jpg,image
image/0651.jpg,image
image/0652.jpg,image
image/0653.jpg,image
image/0654.jpg,image
image/0655.jpg,image
image/0656.jpg,image
image/0657.jpg,image
image/0658.jpg,image
image/0659.jpg,image
image/0660.jpg,image
image/0661.jpg,image
image/0662.jpg,image
image/0663.jpg,image
image/0664.jpg,image
image/0665.jpg,image
image/0666.jpg,image
image/0667.jpg,image
image/0668.jpg,image
image/0669.jpg,image
image/0670.jpg,image
image/0671.jpg,image
image/0672.jpg,image
image/0673.jpg,image
image/0674.jpg,image
image/0675.jpg,image
image/0676.jpg,image
image/0677.jpg,image
image/0678.jpg,image
image/0679.jpg,image
image/0680.jpg,image
image/0681.jpg,image
image/0682.jpg,image
image/0683.jpg,image
image/0684.jpg,image
image/0685.jpg,image
image/0686.jpg,image
image/0687.jpg,image
image/0688.jpg,image
image/0689.jpg,image
image/0690.jpg,image
image/0691.jpg,image
image/0692.jpg,image
image/0693.jpg,image
image/0694.jpg,image
image/0695.jpg,image
image/0696.jpg,image
image/0697.jpg,image
image/0698.jpg,image
image/0699.jpg,image
image/0700.jpg,image
image/0701.jpg,image
image/0702.jpg,image
image/0703.jpg,image
image/0704.jpg,image
image/0705.jpg,image
image/0706.jpg,image
image/0707.jpg,image
image/0708.jpg,image
image/0709.jpg,image
image/0710.jpg,image
image/0711.jpg,image
image/0712.jpg,image
image/0713.jpg,image
image/0714.jpg,image
image/0715.jpg,image
image/0716.jpg,image
image/0717.jpg,image
image/0718.jpg,image
image/0719.jpg,image
image/0720.jpg,image
image/0721.jpg,image
image/0722.jpg,image
image/0723.jpg,image
image/0724.jpg,image
image/0725.jpg,image
image/0726.jpg,image
image/0727.jpg,image
image/0728.jpg,image
image/0729.jpg,image
image/0730.jpg,image
image/0731.jpg,image
image/0732.jpg,image
image/0733.jpg,image
image/0734.jpg,image
image/0735.jpg,image
image/0736.jpg,image
image/0737.jpg,image
image/0738.jpg,image
image/0739.jpg,image
image/0740.jpg,image
image/0741.jpg,image
image/0742.jpg,image
image/0743.jpg,image
image/0744.jpg,image
image/0745.jpg,image
image/0746.jpg,image
image/0747.jpg,image
image/0748.jpg,image
image/0749.jpg,image
image/0750.jpg,image
image/0751.jpg,image
image/0752.jpg,image
image/0753.jpg,image
image/0754.jpg,image
image/0755.jpg,image
image/0756.jpg,image
image/0757.jpg,image
image/0758.jpg,image
image/0759.jpg,image
image/0760.jpg,image
image/0761.jpg,image
image/0762.jpg,image
image/0763.jpg,image
image/0764.jpg,image
image/0765.jpg,image
image/0766.jpg,image
image/0767.jpg,image
image/0768.jpg,image
image/0769.jpg,image
image/0770.jpg,image
image/0771.jpg,image
image/0772.jpg,image
image/0773.jpg,image
image/0774.jpg,image
image/0775.jpg,image
image/0776.jpg,image
image/0777.jpg,image
image/0778.jpg,image
image/0779.jpg,image
image/0780.jpg,image
image/0781.jpg,image
image/0782.jpg,image
image/0783.jpg,image
image/0784.jpg,image
image/0785.jpg,image
image/0786.jpg,image
image/0787.jpg,image
image/0788.jpg,image
image/0789.jpg,image
image/0790.jpg,image
image/0791.jpg,image
image/0792.jpg,image
image/0793.jpg,image
image/0794.jpg,image
image/0795.jpg,image
image/0796.jpg,image
image/0797.jpg,image
image/0798.jpg,image
image/0799.jpg,image
image/0800.jpg,image
image/0801.jpg,image
image/0802.jpg,image
image/0803.jpg,image
image/0804.jpg,image
image/0805.jpg,image
image/0806.jpg,image
image/0807.jpg,image
image/0808.jpg,image
image/0809.jpg,image
image/0810.jpg,image
image/0811.jpg,image
image/0812.jpg,image
image/0813.jpg,image
image/0814.jpg,image
image/0815.jpg,image
image/0816.jpg,image
image/0817.jpg,image
image/0818.jpg,image
image/0819.jpg,image
image/0820.jpg,image
image/0821.jpg,image
image/0822.jpg,image
image/0823.jpg,image
image/0824.jpg,image
image/0825.jpg,image
image/0826.jpg,image
image/0827.jpg,image
image/0828.jpg,image
image/0829.jpg,image
image/0830.jpg,image
image/0831.jpg,image
image/0832.jpg,image
image/0833.jpg,image
image/0834.jpg,image
image/0835.jpg,image
image/0836.jpg,image
image/0837.jpg,image
image/0838.jpg,image
image/0839.jpg,image
image/0840.jpg,image
image/0841.jpg,image
image/0842.jpg,image
image/0843.jpg,image
image/0844.jpg,image
image/0845.jpg,image
image/0846.jpg,image
image/0983.jpg,image
image/0984.jpg,image
image/0985.jpg,image
image/0986.jpg,image
image/0987.jpg,image
image/0988.jpg,image
image/0989.jpg,image
image/0990.jpg,image
image/0991.jpg,image
image/0992.jpg,image
image/0993.jpg,image
image/0994.jpg,image
image/0995.jpg,image
image/0996.jpg,image
image/0997.jpg,image
image/0998.jpg,image
image/0999.jpg,image
image/1000.jpg,image
image/1001.jpg,image
image/1002.jpg,image
image/1003.jpg,image
image/1004.jpg,image
image/1005.jpg,image
image/1006.jpg,image
image/1007.jpg,image
image/1008.jpg,image
image/1009.jpg,image
image/1010.jpg,image
image/1011.jpg,image
image/1012.jpg,image
image/1013.jpg,image
image/1014.jpg,image
image/1015.jpg,image
image/1016.jpg,image
image/1017.jpg,image
image/1018.jpg,image
image/1019.jpg,image
image/1020.jpg,image
image/1021.jpg,image
image/1022.jpg,image
image/1023.jpg,image
image/1024.jpg,image
image/1025.jpg,image
image/1026.jpg,image
image/1027.jpg,image
image/1028.jpg,image
image/1029.jpg,image
image/1030.jpg,image
image/1031.jpg,image
image/1032.jpg,image
image/1033.jpg,image
image/1034.jpg,image
image/1035.jpg,image
image/1036.jpg,image
image/1037.jpg,image
image/1038.jpg,image
image/1039.jpg,image
image/1040.jpg,image
image/1041.jpg,image
image/1042.jpg,image
image/1043.jpg,image
image/1044.jpg,image
image/1045.jpg,image
image/1046.jpg,image
image/1047.jpg,image
image/1048.jpg,image
image/1049.jpg,image
image/1050.jpg,image
image/1051.jpg,image
image/1052.jpg,image
image/1053.jpg,image
image/1054.jpg,image
image/1055.jpg,image
image/1056.jpg,image
image/1057.jpg,image
image/1058.jpg,image
image/1059.jpg,image
image/1060.jpg,image
image/1061.jpg,image
image/1062.jpg,image
image/1063.jpg,image
image/1064.jpg,image
image/1065.jpg,image
image/1066.jpg,image
image/1067.jpg,image
image/1068.jpg,image
image/1069.jpg,image
image/1070.jpg,image
image/1071.jpg,image
image/1072.jpg,image
image/1073.jpg,image
image/1074.jpg,image
image/1075.jpg,image
image/1076.jpg,image
image/1077.jpg,image
image/1078.jpg,image
image/1079.jpg,image
image/1080.jpg,image
image/1081.jpg,image
image/1082.jpg,image
image/1083.jpg,image
image/1084.jpg,image
image/1085.jpg,image
image/1086.jpg,image
image/1087.jpg,image
image/1088.jpg,image
image/1089.jpg,image
image/1090.jpg,image
image/1091.jpg,image
image/1092.jpg,image
image/1093.jpg,image
image/1094.jpg,image
image/1095.jpg,image
image/1096.jpg,image
image/1097.jpg,image
image/1098.jpg,image
image/1099.jpg,image
image/1100.jpg,image
image/1101.jpg,image
image/1102.jpg,image
image/1103.jpg,image
image/1104.jpg,image
image/1105.jpg,image
image/1106.jpg,image
image/1107.jpg,image
image/1108.jpg,image
image/1109.jpg,image
image/1110.jpg,image
image/1111.jpg,image
image/1112.jpg,image
image/1113.jpg,image
image/1114.jpg,image
image/1115.jpg,image
image/1116.jpg,image
image/1117.jpg,image
image/1118.jpg,image
